
insert into member (mno , part , cdate , udate , mid , mpw , mname ) values (1,-1,'2024-03-12 10:00:12.123456','2024-03-12 10:00:12.123456','admin' , '1234' , "이민형" );
insert into member (mno , part , cdate , udate , mid , mpw , mname ) values (2,1,'2024-03-12 10:00:12.123456','2024-03-12 10:00:12.123456','id1' , '1234' , "김건우" );
insert into member (mno , part , cdate , udate , mid , mpw , mname ) values (3,2,'2024-03-12 10:00:12.123456','2024-03-12 10:00:12.123456','id2' , '1234' , "박시현" );
insert into member (mno , part , cdate , udate , mid , mpw , mname ) values (4,3,'2024-03-12 10:00:12.123456','2024-03-12 10:00:12.123456','id3' , '1234' , "심재훈" );
insert into member (mno , part , cdate , udate , mid , mpw , mname ) values (5,10,'2024-03-12 10:00:12.123456','2024-03-12 10:00:12.123456','id4' , '1234', "전승호" );
insert into member (mno , part , cdate , udate , mid , mpw , mname ) values (6,1,'2024-03-12 10:00:12.123456','2024-03-12 10:00:12.123456','id5' , '1234', "유재석" );
insert into member (mno , part , cdate , udate , mid , mpw , mname ) values (7,2,'2024-03-12 10:00:12.123456','2024-03-12 10:00:12.123456','id6' , '1234', "박명수" );
insert into member (mno , part , cdate , udate , mid , mpw , mname ) values (8,3,'2024-03-12 10:00:12.123456','2024-03-12 10:00:12.123456','id7' , '1234', "강호동" );
insert into member (mno , part , cdate , udate , mid , mpw , mname ) values (9,10,'2024-03-12 10:00:12.123456','2024-03-12 10:00:12.123456','id8' , '1234', "이수근" );
insert into member (mno , part , cdate , udate , mid , mpw , mname ) values (10,1,'2024-03-12 10:00:12.123456','2024-03-12 10:00:12.123456','id9' , '1234', "신동엽" );


insert into product ( pno , cdate , udate , pname , ferment , standard , packagingcount , period ) values ( 1 , '2024-03-12 10:00:12.123456','2024-03-12 10:00:12.123456' , '예리나 알로에 수분폭탄 대용량 수분크림' , 30 , 30 , 15 , 365);
insert into product ( pno , cdate , udate , pname , ferment , standard , packagingcount , period) values ( 2 , '2024-03-12 10:00:12.123456','2024-03-12 10:00:12.123456' , '냄새 뺌' , 20 , 20 , 10 , 30);
insert into product ( pno , cdate , udate , pname , ferment , standard , packagingcount , period) values ( 3 , '2024-03-12 10:00:12.123456','2024-03-12 10:00:12.123456' , '데일리 레스큐 워터로션' , 0 , 10 , 5 , 7);
insert into product ( pno , cdate , udate , pname , ferment , standard , packagingcount , period) values ( 4 , '2024-03-12 10:00:12.123456','2024-03-12 10:00:12.123456' , '벤튼 깊은녹차 세럼' , 0 , 10 , 5 , 7);
insert into product ( pno , cdate , udate , pname , ferment , standard , packagingcount , period) values ( 5 , '2024-03-12 10:00:12.123456','2024-03-12 10:00:12.123456' , '하이드라-에센셜 모이스처라이즈 앤 퀀치, 리치 크림' , 0 , 10 , 5 , 7);
insert into product ( pno , cdate , udate , pname , ferment , standard , packagingcount , period) values ( 6 , '2024-03-12 10:00:12.123456','2024-03-12 10:00:12.123456' , '캡춰 토탈 인텐시브 에센스 로션' , 0 , 10 , 5 , 7);
insert into product ( pno , cdate , udate , pname , ferment , standard , packagingcount , period) values ( 7 , '2024-03-12 10:00:12.123456','2024-03-12 10:00:12.123456' , '마누카 허니 글로우 오일 투 폼' , 0 , 10 , 5 , 7);
insert into product ( pno , cdate , udate , pname , ferment , standard , packagingcount , period) values ( 8 , '2024-03-12 10:00:12.123456','2024-03-12 10:00:12.123456' , '캡춰 드림스킨 케어 퍼펙트' , 0 , 10 , 5 , 7);
insert into product ( pno , cdate , udate , pname , ferment , standard , packagingcount , period) values ( 9 , '2024-03-12 10:00:12.123456','2024-03-12 10:00:12.123456' , '캐비어 블랙 버블팩' , 0 , 10 , 5 , 7);
insert into product ( pno , cdate , udate , pname , ferment , standard , packagingcount , period) values ( 10 , '2024-03-12 10:00:12.123456','2024-03-12 10:00:12.123456' , '프레스티지 라 마이크로 륄 드 로즈 어드밴스드 세럼' , 0 , 10 , 5 , 7);


insert into rawmaterial ( rmno , cdate , udate , rmname ) values ( 1 , '2024-03-12 10:00:12.123456','2024-03-12 10:00:12.123456' , '로션원액' );
insert into rawmaterial ( rmno , cdate , udate , rmname ) values ( 2 , '2024-03-12 10:00:12.123456','2024-03-12 10:00:12.123456' , '물' );
insert into rawmaterial ( rmno , cdate , udate , rmname ) values ( 3 , '2024-03-12 10:00:12.123456','2024-03-12 10:00:12.123456' , '알로애' );
insert into rawmaterial ( rmno , cdate , udate , rmname ) values ( 4 , '2024-03-12 10:00:12.123456','2024-03-12 10:00:12.123456' , '민트향원액' );
insert into rawmaterial ( rmno , cdate , udate , rmname ) values ( 5 , '2024-03-12 10:00:12.123456','2024-03-12 10:00:12.123456' , '에탄올' );
insert into rawmaterial ( rmno , cdate , udate , rmname ) values ( 6 , '2024-03-12 10:00:12.123456','2024-03-12 10:00:12.123456' , '글리세린' );
insert into rawmaterial ( rmno , cdate , udate , rmname ) values ( 7 , '2024-03-12 10:00:12.123456','2024-03-12 10:00:12.123456' , '탄화수소' );
insert into rawmaterial ( rmno , cdate , udate , rmname ) values ( 8 , '2024-03-12 10:00:12.123456','2024-03-12 10:00:12.123456' , '계면활성제' );
insert into rawmaterial ( rmno , cdate , udate , rmname ) values ( 9 , '2024-03-12 10:00:12.123456','2024-03-12 10:00:12.123456' , '프로필렌글리콜' );
insert into rawmaterial ( rmno , cdate , udate , rmname ) values ( 10 , '2024-03-12 10:00:12.123456','2024-03-12 10:00:12.123456' , '트리에탄올아민' );
insert into rawmaterial ( rmno , cdate , udate , rmname ) values ( 11 , '2024-03-12 10:00:12.123456','2024-03-12 10:00:12.123456' , 'PCA' );
insert into rawmaterial ( rmno , cdate , udate , rmname ) values ( 12 , '2024-03-12 10:00:12.123456','2024-03-12 10:00:12.123456' , '아데노신' );
insert into rawmaterial ( rmno , cdate , udate , rmname ) values ( 13 , '2024-03-12 10:00:12.123456','2024-03-12 10:00:12.123456' , '나이아신아마이드' );
insert into rawmaterial ( rmno , cdate , udate , rmname ) values ( 14 , '2024-03-12 10:00:12.123456','2024-03-12 10:00:12.123456' , '파라벤' );


insert into rawmateriallog(rmlno , rmlcount , rmno , pno , cdate , udate) values(1 , 2600 , 1 , 1 , '2024-03-12 10:00:12.123456' , '2024-03-12 10:00:12.123456'),
(2 , 3850 , 2 , 2 ,'2024-03-12 10:00:12.123456' , '2024-03-12 10:00:12.123456'),
(3 , 2700 , 3 , 3 ,'2024-03-12 10:00:12.123456' , '2024-03-12 10:00:12.123456'),
(4 , 1690 , 4 , 4 ,'2024-03-12 10:00:12.123456' , '2024-03-12 10:00:12.123456'),
(5 , 6750 , 5 , 5 ,'2024-03-12 10:00:12.123456' , '2024-03-12 10:00:12.123456'),
(6 , 1400 , 6 , 6 ,'2024-03-12 10:00:12.123456' , '2024-03-12 10:00:12.123456'),
(7 , 4850 , 7 , 7 ,'2024-03-12 10:00:12.123456' , '2024-03-12 10:00:12.123456'),
(8 , 3744 , 8 , 8 ,'2024-03-12 10:00:12.123456' , '2024-03-12 10:00:12.123456'),
(9 , 1988 , 9 , 9 ,'2024-03-12 10:00:12.123456' , '2024-03-12 10:00:12.123456'),
(10 , 754 , 10 , 10 ,'2024-03-12 10:00:12.123456' , '2024-03-12 10:00:12.123456'),
(11 , 1738 , 11 , 1 ,'2024-03-12 10:00:12.123456' , '2024-03-12 10:00:12.123456'),
(12 , 4576 , 12 , 2 ,'2024-03-12 10:00:12.123456' , '2024-03-12 10:00:12.123456'),
(13 , 984 , 13 , 3 ,'2024-03-12 10:00:12.123456' , '2024-03-12 10:00:12.123456'),
(14 , 1478 , 14 , 4 ,'2024-03-12 10:00:12.123456' , '2024-03-12 10:00:12.123456');


insert into recipe ( pno , reamount , reno , rmno , cdate , udate ) values ( 1 , 90 , 1 , 3 ,'2024-03-12 10:00:12.123456','2024-03-12 10:00:12.123456' );
insert into recipe ( pno , reamount , reno , rmno , cdate , udate ) values ( 1 , 10 , 2 , 2 ,'2024-03-12 10:00:12.123456','2024-03-12 10:00:12.123456' );
insert into recipe ( pno , reamount , reno , rmno , cdate , udate ) values ( 2 , 70 , 3 , 5 ,'2024-03-12 10:00:12.123456','2024-03-12 10:00:12.123456' );
insert into recipe ( pno , reamount , reno , rmno , cdate , udate ) values ( 2 , 20 , 4 , 2 ,'2024-03-12 10:00:12.123456','2024-03-12 10:00:12.123456' );
insert into recipe ( pno , reamount , reno , rmno , cdate , udate ) values ( 2 , 10 , 5 , 4 ,'2024-03-12 10:00:12.123456','2024-03-12 10:00:12.123456' );
insert into recipe ( pno , reamount , reno , rmno , cdate , udate ) values ( 3 , 70 , 6 , 1 ,'2024-03-12 10:00:12.123456','2024-03-12 10:00:12.123456' );
insert into recipe ( pno , reamount , reno , rmno , cdate , udate ) values ( 3 , 10 , 7 , 2 ,'2024-03-12 10:00:12.123456','2024-03-12 10:00:12.123456' );
insert into recipe ( pno , reamount , reno , rmno , cdate , udate ) values ( 3 , 20 , 8 , 5 ,'2024-03-12 10:00:12.123456','2024-03-12 10:00:12.123456' );


insert into workplan (wno , wcount , wendtime , wstate , pno , client , cdate , udate) values (1 , 1200 , '2024-05-02T10:00:12.123456' , 0 , 1 , '삼성',"2024-03-16 14:22:42.588342" ,"2024-03-16 14:22:42.637240"),
(2 , 560 , '2024-05-02T12:00:12.123456' , 2 , 2, 'LG',"2024-03-16 14:22:42.588342" ,"2024-03-16 14:22:42.637240"),
(3 , 3750 , '2024-05-03T10:00:12.123456' , 4 , 3, '현대',"2024-03-16 14:22:42.588342" ,"2024-03-16 14:22:42.637240"),
(4 , 210 , '2024-05-04T10:00:12.123456' , 6 , 1, '롯데',"2023-03-16 14:22:42.588342" ,"2023-03-16 14:22:42.637240"),
(5 , 640 , '2024-05-05T10:00:12.123456' , 8 , 2, '신한은행',"2023-03-16 14:22:42.588342" ,"2023-03-16 14:22:42.637240"),
(6 , 790 , '2024-05-06T10:00:12.123456' , 0 , 3, '국민은행',"2024-03-16 14:22:42.588342" ,"2024-03-16 14:22:42.637240"),
(7 , 2450 , '2024-05-07T10:00:12.123456' , 0 , 1, '농심',"2024-03-16 14:22:42.588342" ,"2024-03-16 14:22:42.637240"),
(8 , 2910 , '2024-05-08T10:00:12.123456' , 0 , 2, '오뚜기',"2024-03-16 14:22:42.588342" ,"2024-03-16 14:22:42.637240"),
(9 , 1730 , '2024-05-09T10:00:12.123456' , 0 , 3, '이젠',"2024-03-16 14:22:42.588342" ,"2024-03-16 14:22:42.637240");

/* 샘플데이터 END */


insert into survey (checkmno , inputmno , sno , sstate , wno , cdate , udate) values( null , 2,1,0,1,"2024-03-16 14:22:42.588342","2024-03-16 14:22:42.637240"),
( 5 , 2 , 2 , 2 , 2 , "2024-04-16 14:22:42.588342","2024-04-16 14:22:42.637240"),
( 5 , 2 , 3 , 2 , 3 , "2024-04-16 14:22:42.588342","2024-04-16 14:22:42.637240"),
( 5 , 2 , 4 , 2 , 4 , "2024-01-16 14:22:42.588342","2024-01-16 14:22:42.637240"),
( 5 , 2 , 5 , 2 , 5 , "2024-01-16 14:22:42.588342","2024-01-16 14:22:42.637240");


insert into surveyB(rmno , sbcount , sbno , sno) values(3,108000,1,1),(2,12000,2,1)
,(5,39592,3,2),(2,11200,4,2),(4,5600,5,2)
,(1,262500,6,3),(2,37500,7,3),(5,75000,8,3)
,(3,18900,9,4),(2,2100,10,4)
,(5,44800,11,5),(2,12800,12,5),(4,6400,13,5);


insert into materialinput (checkmno , inputmno , mipno , mipstate , pno , sno2 , wno2 , cdate , udate) values( 5 , 3 , 1 , 2 , 3 , 3 , 3 ,"2024-03-16 14:22:42.588342","2024-03-16 14:22:42.637240"),
( 5 , 3 , 2 , 2 , 1 , 4 , 4 ,"2024-01-16 14:22:42.588342","2024-01-16 14:22:42.637240"),
( 5 , 3 , 3 , 2 , 2 , 5 , 5 ,"2024-01-16 14:22:42.588342","2024-01-16 14:22:42.637240");


insert into manufacturing ( checkmno , inputmno , mfcount , mfno ,mfstate , mipno , cdate , udate) values( 5 , 3 , 21000 , 1 , 2 , 2 ,"2024-01-17 14:22:42.588342","2024-01-17 14:22:42.637240"),
( 5 , 3 , 64000 , 2 , 2 , 3 ,"2024-01-17 14:22:42.588342","2024-01-17 14:22:42.637240");

insert into bulklog ( blcount , blno , mfno , cdate , udate ) values(21000, 1 ,1,"2024-01-17 14:22:42.588342","2024-01-17 14:22:42.637240"),
(64000, 2 ,2,"2024-01-17 14:22:42.588342","2024-01-17 14:22:42.637240");

insert into subdivision (checkmno ,fail_count,inputmno,mfno,sdno,sdstate,success_count,cdate,udate)values( 5 , 0 , 4 , 2 , 1 , 2 , 640 , "2024-01-17 14:22:42.588342","2024-01-17 14:22:42.637240");

-- 유통기한 샘플 데이터 추가
insert into productlog(pno,plcount,cdate) values(2,-10,"2022-11-11") , (2,-20,now()) , (2,40,now()) , (2,500,"2022-11-11"),(3,-10,"2022-11-11") , (3,-20,now()) , (3,40,now()) , (3,500,"2022-11-11");


 INSERT INTO expiration (pno, plcount , cdate)
      SELECT outgoing.pno,  (COALESCE(expired.expired_quantity, 0) + outgoing.total_outgoing)*-1 AS remaining_quantity , now()
      FROM (
         SELECT pno, SUM(plcount) AS total_outgoing
         FROM productlog
         WHERE plcount < 0
         GROUP BY pno
      ) AS outgoing
      LEFT JOIN (
         SELECT p.pno, SUM(pl.plcount) AS expired_quantity
         FROM productlog AS pl
         JOIN product AS p ON pl.pno = p.pno
         WHERE plcount > 0 AND NOW() > DATE_ADD(pl.cdate, INTERVAL p.period DAY)
         GROUP BY p.pno
      ) AS expired ON outgoing.pno = expired.pno;

